Regulasi|Tipe|Tanggal|Status|Properti Regulasi|Bagian (Section)|Kode Item|Item Ref|Item|Item Description|Property|Kode Sub Item|Sub Item Ref|Sub Item
PERATURAN OTORITAS JASA KEUANGAN REPUBLIK INDONESIA NOMOR 12 TAHUN 2024 TENTANG PENERAPAN STRATEGI ANTI FRAUD BAGI LEMBAGA JASA KEUANGAN|POJK|23 Juli 2024|||Ketentuan|1|Pasal 1|Lembaga Jasa Keuangan yang selanjutnya disingkat LJK adalah lembaga yang melaksanakan kegiatan di sektor perbankan, pasar modal, perasuransian, dana pensiun, modal ventura, lembaga keuangan mikro, lembaga pembiayaan, dan lembaga jasa keuangan lainnya.|Cukup jelas.||||
PERATURAN OTORITAS JASA KEUANGAN REPUBLIK INDONESIA NOMOR 12 TAHUN 2024 TENTANG PENERAPAN STRATEGI ANTI FRAUD BAGI LEMBAGA JASA KEUANGAN|POJK|23 Juli 2024|||Ketentuan|2|Pasal 1|Lembaga Jasa Keuangan Lainnya adalah pergadaian, lembaga penjaminan, lembaga pembiayaan ekspor Indonesia, perusahaan pembiayaan sekunder perumahan, penyelenggara layanan pendanaan bersama berbasis teknologi informasi, dan lembaga yang menyelenggarakan pengelolaan dana masyarakat yang bersifat wajib, meliputi penyelenggara program jaminan sosial, pensiun, dan kesejahteraan, sebagaimana dimaksud dalam peraturan perundang-undangan mengenai pergadaian, penjaminan, lembaga pembiayaan ekspor Indonesia, perusahaan pembiayaan sekunder perumahan, dan pengelolaan dana masyarakat yang bersifat wajib, serta lembaga jasa keuangan lain yang dinyatakan diawasi oleh Otoritas Jasa Keuangan berdasarkan ketentuan peraturan perundang-undangan.|Cukup jelas.||||
PERATURAN OTORITAS JASA KEUANGAN REPUBLIK INDONESIA NOMOR 12 TAHUN 2024 TENTANG PENERAPAN STRATEGI ANTI FRAUD BAGI LEMBAGA JASA KEUANGAN|POJK|23 Juli 2024|||Ketentuan|3|Pasal 1|Konsumen adalah pihak yang menempatkan dananya dan/atau memanfaatkan pelayanan yang tersedia di LJK di antaranya nasabah pada perbankan, pemodal di pasar modal, pemegang polis pada perasuransian, dan peserta pada dana pensiun berdasarkan ketentuan peraturan perundang-undangan di sektor jasa keuangan.|Cukup jelas.||||
PERATURAN OTORITAS JASA KEUANGAN REPUBLIK INDONESIA NOMOR 12 TAHUN 2024 TENTANG PENERAPAN STRATEGI ANTI FRAUD BAGI LEMBAGA JASA KEUANGAN|POJK|23 Juli 2024|||Ketentuan|4|Pasal 1|Fraud adalah tindakan penyimpangan dan/atau pembiaran yang sengaja dilakukan untuk mengelabui, menipu, atau memanipulasi LJK, Konsumen atau pihak lain, yang terjadi di lingkungan LJK dan/atau menggunakan sarana LJK sehingga mengakibatkan LJK, Konsumen, atau pihak lain menderita kerugian dan/atau pelaku Fraud dan/atau pihak lain memperoleh keuntungan secara langsung maupun tidak langsung.|Cukup jelas.||||
PERATURAN OTORITAS JASA KEUANGAN REPUBLIK INDONESIA NOMOR 12 TAHUN 2024 TENTANG PENERAPAN STRATEGI ANTI FRAUD BAGI LEMBAGA JASA KEUANGAN|POJK|23 Juli 2024|||Ketentuan|5|Pasal 1|Strategi Anti Fraud adalah strategi LJK dalam mengendalikan Fraud yang dirancang dengan mengacu pada proses terjadinya Fraud dengan memperhatikan karakteristik dari potensi Fraud yang komprehensif dan diimplementasikan dalam bentuk sistem pengendalian Fraud.|Cukup jelas.||||
PERATURAN OTORITAS JASA KEUANGAN REPUBLIK INDONESIA NOMOR 12 TAHUN 2024 TENTANG PENERAPAN STRATEGI ANTI FRAUD BAGI LEMBAGA JASA KEUANGAN|POJK|23 Juli 2024|||Ketentuan|6|Pasal 1|Direksi adalah organ LJK yang berwenang dan bertanggung jawab penuh atas pengurusan LJK untuk kepentingan LJK, sesuai dengan maksud dan tujuan LJK serta mewakili LJK, baik di dalam maupun di luar pengadilan sesuai dengan ketentuan anggaran dasar bagi LJK yang berbentuk badan hukum atau yang setara dengan Direksi bagi LJK yang berbentuk badan hukum koperasi, usaha bersama, dana pensiun, perusahaan umum, perusahaan daerah, perusahaan umum daerah, perusahaan perseroan daerah, atau kantor cabang/kantor perwakilan dari LJK yang berkedudukan di luar negeri, atau badan hukum lain sesuai dengan ketentuan peraturan perundang-undangan.|Cukup jelas.||||
PERATURAN OTORITAS JASA KEUANGAN REPUBLIK INDONESIA NOMOR 12 TAHUN 2024 TENTANG PENERAPAN STRATEGI ANTI FRAUD BAGI LEMBAGA JASA KEUANGAN|POJK|23 Juli 2024|||Ketentuan|7|Pasal 1|Dewan Komisaris adalah organ LJK yang bertugas melakukan pengawasan secara umum dan/atau khusus serta memberi nasihat kepada Direksi sesuai dengan anggaran dasar bagi LJK yang berbentuk badan hukum atau yang setara dengan Direkti bagi LJK yang berbentuk badan hukum koperasi, usaha bersama, dana pensiun, perusahaan umum, perusahaan daerah, perusahaan umum daerah, perusahaan perseroan daerah, atau kantor cabang/kantor perwakilan dari LJK yang berkedudukan di luar negeri, atau badan hukum lain sesuai dengan ketentuan peraturan perundang-undangan.|Cukup jelas.||||
PERATURAN OTORITAS JASA KEUANGAN REPUBLIK INDONESIA NOMOR 12 TAHUN 2024 TENTANG PENERAPAN STRATEGI ANTI FRAUD BAGI LEMBAGA JASA KEUANGAN|POJK|23 Juli 2024|||Ketentuan|1|Pasal 2|Jenis perbuatan yang tergolong Fraud terdiri atas:|Cukup jelas.||1|a|korupsi meliputi:
PERATURAN OTORITAS JASA KEUANGAN REPUBLIK INDONESIA NOMOR 12 TAHUN 2024 TENTANG PENERAPAN STRATEGI ANTI FRAUD BAGI LEMBAGA JASA KEUANGAN|POJK|23 Juli 2024|||Ketentuan|1|Pasal 2|Jenis perbuatan yang tergolong Fraud terdiri atas:|Cukup jelas.||2|b|penyalahgunaan aset meliputi:
PERATURAN OTORITAS JASA KEUANGAN REPUBLIK INDONESIA NOMOR 12 TAHUN 2024 TENTANG PENERAPAN STRATEGI ANTI FRAUD BAGI LEMBAGA JASA KEUANGAN|POJK|23 Juli 2024|||Ketentuan|1|Pasal 2|Jenis perbuatan yang tergolong Fraud terdiri atas:|Cukup jelas.||3|c|kecurangan laporan keuangan meliputi:
PERATURAN OTORITAS JASA KEUANGAN REPUBLIK INDONESIA NOMOR 12 TAHUN 2024 TENTANG PENERAPAN STRATEGI ANTI FRAUD BAGI LEMBAGA JASA KEUANGAN|POJK|23 Juli 2024|||Ketentuan|1|Pasal 2|Jenis perbuatan yang tergolong Fraud terdiri atas:|Cukup jelas.||4|d|penipuan;
PERATURAN OTORITAS JASA KEUANGAN REPUBLIK INDONESIA NOMOR 12 TAHUN 2024 TENTANG PENERAPAN STRATEGI ANTI FRAUD BAGI LEMBAGA JASA KEUANGAN|POJK|23 Juli 2024|||Ketentuan|1|Pasal 2|Jenis perbuatan yang tergolong Fraud terdiri atas:|Cukup jelas.||5|e|pembocoran informasi rahasia; dan/atau
PERATURAN OTORITAS JASA KEUANGAN REPUBLIK INDONESIA NOMOR 12 TAHUN 2024 TENTANG PENERAPAN STRATEGI ANTI FRAUD BAGI LEMBAGA JASA KEUANGAN|POJK|23 Juli 2024|||Ketentuan|1|Pasal 2|Jenis perbuatan yang tergolong Fraud terdiri atas:|Cukup jelas.||6|f|tindakan lain yang dapat dipersamakan dengan Fraud sesuai dengan ketentuan peraturan perundang-undangan.
PERATURAN OTORITAS JASA KEUANGAN REPUBLIK INDONESIA NOMOR 12 TAHUN 2024 TENTANG PENERAPAN STRATEGI ANTI FRAUD BAGI LEMBAGA JASA KEUANGAN|POJK|23 Juli 2024|||Bab II|1|Pasal 3 ayat 1|LJK meliputi:|Cukup jelas.||1|a|bank umum dan bank perekonomian rakyat, baik yang melaksanakan kegiatan secara konvensional maupun berdasarkan prinsip syariah;
PERATURAN OTORITAS JASA KEUANGAN REPUBLIK INDONESIA NOMOR 12 TAHUN 2024 TENTANG PENERAPAN STRATEGI ANTI FRAUD BAGI LEMBAGA JASA KEUANGAN|POJK|23 Juli 2024|||Bab II|1|Pasal 3 ayat 1|LJK meliputi:|Cukup jelas.||2|b|perusahaan efek; dan
PERATURAN OTORITAS JASA KEUANGAN REPUBLIK INDONESIA NOMOR 12 TAHUN 2024 TENTANG PENERAPAN STRATEGI ANTI FRAUD BAGI LEMBAGA JASA KEUANGAN|POJK|23 Juli 2024|||Bab II|1|Pasal 3 ayat 1|LJK meliputi:|Cukup jelas.||3|c|perusahaan asuransi, perusahaan reasuransi, perusahaan pialang asuransi, perusahaan pialang reasuransi, perusahaan penilai kerugian asuransi, dana pensiun, perusahaan pembiayaan, perusahaan modal ventura, perusahaan pembiayaan infrastruktur, lembaga keuangan mikro, perusahaan pergadaian, lembaga penjaminan dan Lembaga Jasa Keuangan Lainnya, baik yang melaksanakan kegiatan secara konvensional maupun berdasarkan prinsip syariah, wajib menyusun dan menerapkan Strategi Anti Fraud.
PERATURAN OTORITAS JASA KEUANGAN REPUBLIK INDONESIA NOMOR 12 TAHUN 2024 TENTANG PENERAPAN STRATEGI ANTI FRAUD BAGI LEMBAGA JASA KEUANGAN|POJK|23 Juli 2024|||Bab II|2|Pasal 3 ayat 2|Direksi dan Dewan Komisaris wajib memastikan penerapan Strategi Anti Fraud di LJK berjalan secara efektif.|Untuk memastikan penerapan Strategi Anti Fraud di LJK berjalan secara efektif, Direksi dan Dewan Komisaris mengacu pada tugas dan tanggung jawab Direksi dan Dewan Komisaris.||||
PERATURAN OTORITAS JASA KEUANGAN REPUBLIK INDONESIA NOMOR 12 TAHUN 2024 TENTANG PENERAPAN STRATEGI ANTI FRAUD BAGI LEMBAGA JASA KEUANGAN|POJK|23 Juli 2024|||Bab II|3|Pasal 3 ayat 3|LJK memastikan organisasi yang dikendalikan menerapkan Strategi Anti Fraud.|Yang dimaksud dengan memastikan organisasi yang dikendalikan yaitu meyakini bahwa organisasi yang dikendalikan antara lain entitas anak dan/atau yayasan memiliki kebijakan terkait Strategi Anti Fraud dan melaksanakannya.||||
PERATURAN OTORITAS JASA KEUANGAN REPUBLIK INDONESIA NOMOR 12 TAHUN 2024 TENTANG PENERAPAN STRATEGI ANTI FRAUD BAGI LEMBAGA JASA KEUANGAN|POJK|23 Juli 2024|||Bab II|4|Pasal 3 ayat 4|Penyusunan dan penerapan Strategi Anti Fraud sebagaimana dimaksud pada ayat (1) wajib memenuhi paling sedikit Pedoman Penerapan Strategi Anti Fraud bagi Lembaga Jasa Keuangan sebagaimana tercantum dalam Lampiran I yang merupakan bagian tidak terpisahkan dari Peraturan Otoritas Jasa Keuangan ini.|Cukup jelas.||||
PERATURAN OTORITAS JASA KEUANGAN REPUBLIK INDONESIA NOMOR 12 TAHUN 2024 TENTANG PENERAPAN STRATEGI ANTI FRAUD BAGI LEMBAGA JASA KEUANGAN|POJK|23 Juli 2024|||Bab II|1|Pasal 4 ayat 1|Dalam menyusun dan menerapkan Strategi Anti Fraud yang efektif, LJK wajib memperhatikan paling sedikit:|Cukup jelas.||1|a|kondisi lingkungan internal dan eksternal;
PERATURAN OTORITAS JASA KEUANGAN REPUBLIK INDONESIA NOMOR 12 TAHUN 2024 TENTANG PENERAPAN STRATEGI ANTI FRAUD BAGI LEMBAGA JASA KEUANGAN|POJK|23 Juli 2024|||Bab II|1|Pasal 4 ayat 1|Dalam menyusun dan menerapkan Strategi Anti Fraud yang efektif, LJK wajib memperhatikan paling sedikit:|Cukup jelas.||2|b|kompleksitas kegiatan usaha;
PERATURAN OTORITAS JASA KEUANGAN REPUBLIK INDONESIA NOMOR 12 TAHUN 2024 TENTANG PENERAPAN STRATEGI ANTI FRAUD BAGI LEMBAGA JASA KEUANGAN|POJK|23 Juli 2024|||Bab II|1|Pasal 4 ayat 1|Dalam menyusun dan menerapkan Strategi Anti Fraud yang efektif, LJK wajib memperhatikan paling sedikit:|Cukup jelas.||3|c|jenis Fraud;
PERATURAN OTORITAS JASA KEUANGAN REPUBLIK INDONESIA NOMOR 12 TAHUN 2024 TENTANG PENERAPAN STRATEGI ANTI FRAUD BAGI LEMBAGA JASA KEUANGAN|POJK|23 Juli 2024|||Bab II|1|Pasal 4 ayat 1|Dalam menyusun dan menerapkan Strategi Anti Fraud yang efektif, LJK wajib memperhatikan paling sedikit:|Cukup jelas.||4|d|risiko terkait Fraud; dan
PERATURAN OTORITAS JASA KEUANGAN REPUBLIK INDONESIA NOMOR 12 TAHUN 2024 TENTANG PENERAPAN STRATEGI ANTI FRAUD BAGI LEMBAGA JASA KEUANGAN|POJK|23 Juli 2024|||Bab II|1|Pasal 4 ayat 1|Dalam menyusun dan menerapkan Strategi Anti Fraud yang efektif, LJK wajib memperhatikan paling sedikit:|Cukup jelas.||5|e|kecukupan sumber daya yang dibutuhkan.
PERATURAN OTORITAS JASA KEUANGAN REPUBLIK INDONESIA NOMOR 12 TAHUN 2024 TENTANG PENERAPAN STRATEGI ANTI FRAUD BAGI LEMBAGA JASA KEUANGAN|POJK|23 Juli 2024|||Bab II|2|Pasal 4 ayat 2|Penerapan Strategi Anti Fraud sebagaimana dimaksud pada ayat (1), mencakup pencegahan dan penanganan agar kegiatan usaha LJK tidak dimanfaatkan dalam aktivitas yang terkait dengan tindak pidana.|Contoh kegiatan usaha LJK yang dimanfaatkan dalam aktivitas yang terkait dengan tindak pidana antara lain pemanfaatan rekening untuk kegiatan perjudian termasuk perjudian online, penipuan online termasuk kegiatan investasi online fiktif, prostitusi online, dan kejahatan ekonomi lainnya. Kejahatan ekonomi merupakan kejahatan yang dilakukan karena motif ekonomi.||||
PERATURAN OTORITAS JASA KEUANGAN REPUBLIK INDONESIA NOMOR 12 TAHUN 2024 TENTANG PENERAPAN STRATEGI ANTI FRAUD BAGI LEMBAGA JASA KEUANGAN|POJK|23 Juli 2024|||Bab II|3|Pasal 4 ayat 3|Penerapan Strategi Anti Fraud wajib dilakukan terhadap pihak yang terlibat dalam kegiatan usaha LJK paling sedikit meliputi:|Cukup jelas.||1|a|Konsumen;
PERATURAN OTORITAS JASA KEUANGAN REPUBLIK INDONESIA NOMOR 12 TAHUN 2024 TENTANG PENERAPAN STRATEGI ANTI FRAUD BAGI LEMBAGA JASA KEUANGAN|POJK|23 Juli 2024|||Bab II|3|Pasal 4 ayat 3|Penerapan Strategi Anti Fraud wajib dilakukan terhadap pihak yang terlibat dalam kegiatan usaha LJK paling sedikit meliputi:|Cukup jelas.||2|b|internal LJK; dan
PERATURAN OTORITAS JASA KEUANGAN REPUBLIK INDONESIA NOMOR 12 TAHUN 2024 TENTANG PENERAPAN STRATEGI ANTI FRAUD BAGI LEMBAGA JASA KEUANGAN|POJK|23 Juli 2024|||Bab II|3|Pasal 4 ayat 3|Penerapan Strategi Anti Fraud wajib dilakukan terhadap pihak yang terlibat dalam kegiatan usaha LJK paling sedikit meliputi:|Cukup jelas.||3|c|pihak lain.
PERATURAN OTORITAS JASA KEUANGAN REPUBLIK INDONESIA NOMOR 12 TAHUN 2024 TENTANG PENERAPAN STRATEGI ANTI FRAUD BAGI LEMBAGA JASA KEUANGAN|POJK|23 Juli 2024|||Bab II|4|Pasal 4 ayat 4|Dalam menyusun dan menerapkan Strategi Anti Fraud, LJK menetapkan sasaran penerapan Strategi Anti Fraud dan menetapkan program kerja untuk mencapai sasaran tersebut.|Cukup jelas.||||
PERATURAN OTORITAS JASA KEUANGAN REPUBLIK INDONESIA NOMOR 12 TAHUN 2024 TENTANG PENERAPAN STRATEGI ANTI FRAUD BAGI LEMBAGA JASA KEUANGAN|POJK|23 Juli 2024|||Bab II|1|Pasal 5|Penyusunan dan penerapan Strategi Anti Fraud terdiri atas 4 (empat) pilar, meliputi:|Cukup jelas.||1|a|pencegahan;
PERATURAN OTORITAS JASA KEUANGAN REPUBLIK INDONESIA NOMOR 12 TAHUN 2024 TENTANG PENERAPAN STRATEGI ANTI FRAUD BAGI LEMBAGA JASA KEUANGAN|POJK|23 Juli 2024|||Bab II|1|Pasal 5|Penyusunan dan penerapan Strategi Anti Fraud terdiri atas 4 (empat) pilar, meliputi:|Cukup jelas.||2|b|deteksi;
PERATURAN OTORITAS JASA KEUANGAN REPUBLIK INDONESIA NOMOR 12 TAHUN 2024 TENTANG PENERAPAN STRATEGI ANTI FRAUD BAGI LEMBAGA JASA KEUANGAN|POJK|23 Juli 2024|||Bab II|1|Pasal 5|Penyusunan dan penerapan Strategi Anti Fraud terdiri atas 4 (empat) pilar, meliputi:|Cukup jelas.||3|c|investigasi, pelaporan, dan sanksi; dan
PERATURAN OTORITAS JASA KEUANGAN REPUBLIK INDONESIA NOMOR 12 TAHUN 2024 TENTANG PENERAPAN STRATEGI ANTI FRAUD BAGI LEMBAGA JASA KEUANGAN|POJK|23 Juli 2024|||Bab II|1|Pasal 5|Penyusunan dan penerapan Strategi Anti Fraud terdiri atas 4 (empat) pilar, meliputi:|Cukup jelas.||4|d|pemantauan, evaluasi, dan tindak lanjut.
PERATURAN OTORITAS JASA KEUANGAN REPUBLIK INDONESIA NOMOR 12 TAHUN 2024 TENTANG PENERAPAN STRATEGI ANTI FRAUD BAGI LEMBAGA JASA KEUANGAN|POJK|23 Juli 2024|||Bab II|1|Pasal 6 ayat 1|LJK yang telah memiliki kewajiban penerapan manajemen risiko wajib menerapkan manajemen risiko sesuai dengan peraturan Otoritas Jasa Keuangan mengenai penerapan manajemen risiko yang berlaku bagi masing-masing LJK.|Cukup jelas.||||
PERATURAN OTORITAS JASA KEUANGAN REPUBLIK INDONESIA NOMOR 12 TAHUN 2024 TENTANG PENERAPAN STRATEGI ANTI FRAUD BAGI LEMBAGA JASA KEUANGAN|POJK|23 Juli 2024|||Bab II|2|Pasal 6 ayat 2|LJK yang belum memiliki kewajiban menerapkan manajemen risiko wajib menerapkan manajemen risiko sebagaimana dimaksud pada ayat (1) paling sedikit memuat penguatan terhadap aspek:|Cukup jelas.||1|a|pengawasan aktif Direksi dan Dewan Komisaris;
PERATURAN OTORITAS JASA KEUANGAN REPUBLIK INDONESIA NOMOR 12 TAHUN 2024 TENTANG PENERAPAN STRATEGI ANTI FRAUD BAGI LEMBAGA JASA KEUANGAN|POJK|23 Juli 2024|||Bab II|2|Pasal 6 ayat 2|LJK yang belum memiliki kewajiban menerapkan manajemen risiko wajib menerapkan manajemen risiko sebagaimana dimaksud pada ayat (1) paling sedikit memuat penguatan terhadap aspek:|Cukup jelas.||2|b|kebijakan dan prosedur;
PERATURAN OTORITAS JASA KEUANGAN REPUBLIK INDONESIA NOMOR 12 TAHUN 2024 TENTANG PENERAPAN STRATEGI ANTI FRAUD BAGI LEMBAGA JASA KEUANGAN|POJK|23 Juli 2024|||Bab II|2|Pasal 6 ayat 2|LJK yang belum memiliki kewajiban menerapkan manajemen risiko wajib menerapkan manajemen risiko sebagaimana dimaksud pada ayat (1) paling sedikit memuat penguatan terhadap aspek:|Cukup jelas.||3|c|struktur organisasi dan pertanggungjawaban; dan
PERATURAN OTORITAS JASA KEUANGAN REPUBLIK INDONESIA NOMOR 12 TAHUN 2024 TENTANG PENERAPAN STRATEGI ANTI FRAUD BAGI LEMBAGA JASA KEUANGAN|POJK|23 Juli 2024|||Bab II|2|Pasal 6 ayat 2|LJK yang belum memiliki kewajiban menerapkan manajemen risiko wajib menerapkan manajemen risiko sebagaimana dimaksud pada ayat (1) paling sedikit memuat penguatan terhadap aspek:|Cukup jelas.||4|d|pengendalian dan pemantauan, sebagaimana tercantum dalam Lampiran I yang merupakan bagian tidak terpisahkan dari Peraturan Otoritas Jasa Keuangan ini.
PERATURAN OTORITAS JASA KEUANGAN REPUBLIK INDONESIA NOMOR 12 TAHUN 2024 TENTANG PENERAPAN STRATEGI ANTI FRAUD BAGI LEMBAGA JASA KEUANGAN|POJK|23 Juli 2024|||Bab II|1|Pasal 7 ayat 1|Untuk menjaga dan meningkatkan pemahaman dan kepedulian terhadap penerapan Strategi Anti Fraud, LJK wajib melakukan edukasi, pengembangan kompetensi, dan/atau sosialisasi atas kebijakan anti Fraud.|Edukasi, pengembangan kompetensi, dan/atau sosialisasi atas kebijakan anti Fraud disesuaikan dengan kebutuhan, ukuran, dan kompleksitas LJK.||||
PERATURAN OTORITAS JASA KEUANGAN REPUBLIK INDONESIA NOMOR 12 TAHUN 2024 TENTANG PENERAPAN STRATEGI ANTI FRAUD BAGI LEMBAGA JASA KEUANGAN|POJK|23 Juli 2024|||Bab II|2|Pasal 7 ayat 2|LJK harus melakukan:|Cukup jelas.||1|a|edukasi dan pengembangan kompetensi kepada pihak internal; dan
PERATURAN OTORITAS JASA KEUANGAN REPUBLIK INDONESIA NOMOR 12 TAHUN 2024 TENTANG PENERAPAN STRATEGI ANTI FRAUD BAGI LEMBAGA JASA KEUANGAN|POJK|23 Juli 2024|||Bab II|2|Pasal 7 ayat 2|LJK harus melakukan:|Cukup jelas.||2|b|edukasi dan/atau sosialisasi kepada pihak eksternal, terhadap kebijakan anti Fraud, paling sedikit 1 (satu) kali dalam 1 (satu) tahun.
PERATURAN OTORITAS JASA KEUANGAN REPUBLIK INDONESIA NOMOR 12 TAHUN 2024 TENTANG PENERAPAN STRATEGI ANTI FRAUD BAGI LEMBAGA JASA KEUANGAN|POJK|23 Juli 2024|||Bab II|1|Pasal 8 ayat 1|LJK wajib memiliki unit kerja atau fungsi yang bertugas menangani penerapan Strategi Anti Fraud dalam organisasi LJK.|Pembentukan unit kerja atau fungsi yang bertugas menangani penerapan Strategi Anti Fraud dalam organisasi LJK disesuaikan dengan ukuran dan kompleksitas kegiatan usaha LJK serta harus disertai dengan wewenang dan tanggung jawab yang jelas. Bagi LJK yang telah memiliki kewajiban menerapkan manajemen risiko maka unit kerja atau fungsi yang menangani penerapan Strategi Anti Fraud dapat dilakukan oleh unit kerja atau fungsi kepatuhan dan/atau manajemen risiko. Bagi LJK yang belum memiliki kewajiban menerapkan manajemen risiko maka unit kerja atau fungsi yang menangani penerapan Strategi Anti Fraud dapat dirangkap oleh unit kerja atau fungsi lain sepanjang terdapat pengawasan berjenjang (dual control) dan mengedepankan prinsip pemisahan tugas (segregation of duties).||||
PERATURAN OTORITAS JASA KEUANGAN REPUBLIK INDONESIA NOMOR 12 TAHUN 2024 TENTANG PENERAPAN STRATEGI ANTI FRAUD BAGI LEMBAGA JASA KEUANGAN|POJK|23 Juli 2024|||Bab II|2|Pasal 8 ayat 2|Unit kerja atau fungsi yang bertugas menangani penerapan Strategi Anti Fraud sebagaimana dimaksud pada ayat (1):|Cukup jelas.||1|a|bertanggung jawab kepada anggota Direksi; dan
PERATURAN OTORITAS JASA KEUANGAN REPUBLIK INDONESIA NOMOR 12 TAHUN 2024 TENTANG PENERAPAN STRATEGI ANTI FRAUD BAGI LEMBAGA JASA KEUANGAN|POJK|23 Juli 2024|||Bab II|2|Pasal 8 ayat 2|Unit kerja atau fungsi yang bertugas menangani penerapan Strategi Anti Fraud sebagaimana dimaksud pada ayat (1):|Cukup jelas.||2|b|memiliki hubungan komunikasi dan pelaporan secara langsung kepada Dewan Komisaris.
PERATURAN OTORITAS JASA KEUANGAN REPUBLIK INDONESIA NOMOR 12 TAHUN 2024 TENTANG PENERAPAN STRATEGI ANTI FRAUD BAGI LEMBAGA JASA KEUANGAN|POJK|23 Juli 2024|||Bab II|3|Pasal 8 ayat 3|Pimpinan unit kerja atau pejabat yang membawahi fungsi yang bertugas menangani penerapan Strategi Anti Fraud sebagaimana dimaksud pada ayat (1) harus memiliki:|Pertimbangan untuk memilih pimpinan unit kerja atau pejabat yang membawahi fungsi Fraud serta persyaratan yang harus dimiliki disesuaikan dengan ukuran dan kompleksitas kegiatan usaha LJK.||1|a|sertifikat keahlian di bidang anti Fraud;
PERATURAN OTORITAS JASA KEUANGAN REPUBLIK INDONESIA NOMOR 12 TAHUN 2024 TENTANG PENERAPAN STRATEGI ANTI FRAUD BAGI LEMBAGA JASA KEUANGAN|POJK|23 Juli 2024|||Bab II|3|Pasal 8 ayat 3|Pimpinan unit kerja atau pejabat yang membawahi fungsi yang bertugas menangani penerapan Strategi Anti Fraud sebagaimana dimaksud pada ayat (1) harus memiliki:|Pertimbangan untuk memilih pimpinan unit kerja atau pejabat yang membawahi fungsi Fraud serta persyaratan yang harus dimiliki disesuaikan dengan ukuran dan kompleksitas kegiatan usaha LJK.||2|b|pengalaman di bidang anti Fraud; dan/atau
PERATURAN OTORITAS JASA KEUANGAN REPUBLIK INDONESIA NOMOR 12 TAHUN 2024 TENTANG PENERAPAN STRATEGI ANTI FRAUD BAGI LEMBAGA JASA KEUANGAN|POJK|23 Juli 2024|||Bab II|3|Pasal 8 ayat 3|Pimpinan unit kerja atau pejabat yang membawahi fungsi yang bertugas menangani penerapan Strategi Anti Fraud sebagaimana dimaksud pada ayat (1) harus memiliki:|Pertimbangan untuk memilih pimpinan unit kerja atau pejabat yang membawahi fungsi Fraud serta persyaratan yang harus dimiliki disesuaikan dengan ukuran dan kompleksitas kegiatan usaha LJK.||3|c|pengalaman yang memadai di bidang LJK terkait.
PERATURAN OTORITAS JASA KEUANGAN REPUBLIK INDONESIA NOMOR 12 TAHUN 2024 TENTANG PENERAPAN STRATEGI ANTI FRAUD BAGI LEMBAGA JASA KEUANGAN|POJK|23 Juli 2024|||Sanksi|1|Pasal 9 ayat 1|LJK, anggota Direksi, dan/atau anggota Dewan Komisaris yang melanggar ketentuan sebagaimana dimaksud dalam Pasal 3 ayat (1), ayat (2), ayat (4), Pasal 4 ayat (1), ayat (3), Pasal 6 ayat (2), Pasal 7 ayat (1), dan Pasal 8 ayat (1) dikenai sanksi administratif berupa teguran tertulis atau peringatan tertulis oleh Otoritas Jasa Keuangan.|Cukup jelas.||||
PERATURAN OTORITAS JASA KEUANGAN REPUBLIK INDONESIA NOMOR 12 TAHUN 2024 TENTANG PENERAPAN STRATEGI ANTI FRAUD BAGI LEMBAGA JASA KEUANGAN|POJK|23 Juli 2024|||Sanksi|2|Pasal 9 ayat 2|LJK yang melanggar ketentuan sebagaimana dimaksud dalam Pasal 6 ayat (1) dikenai sanksi sesuai dengan ketentuan Peraturan Otoritas Jasa Keuangan mengenai penerapan manajemen risiko yang berlaku bagi masing-masing LJK.|Cukup jelas.||||
PERATURAN OTORITAS JASA KEUANGAN REPUBLIK INDONESIA NOMOR 12 TAHUN 2024 TENTANG PENERAPAN STRATEGI ANTI FRAUD BAGI LEMBAGA JASA KEUANGAN|POJK|23 Juli 2024|||Sanksi|3|Pasal 9 ayat 3|Dalam hal LJK telah dikenai sanksi administratif sebagaimana dimaksud pada ayat (1) dan tetap melanggar ketentuan sebagaimana dimaksud dalam Pasal 3 ayat (1), ayat (4), Pasal 4 ayat (1), ayat (3), Pasal 6 ayat (2), Pasal 7 ayat (1), dan Pasal 8 ayat (1), Otoritas Jasa Keuangan dapat mengenakan sanksi administratif kepada LJK berupa:|Cukup jelas.||1|a|larangan untuk menerbitkan produk atau melaksanakan aktivitas baru;
PERATURAN OTORITAS JASA KEUANGAN REPUBLIK INDONESIA NOMOR 12 TAHUN 2024 TENTANG PENERAPAN STRATEGI ANTI FRAUD BAGI LEMBAGA JASA KEUANGAN|POJK|23 Juli 2024|||Sanksi|3|Pasal 9 ayat 3|Dalam hal LJK telah dikenai sanksi administratif sebagaimana dimaksud pada ayat (1) dan tetap melanggar ketentuan sebagaimana dimaksud dalam Pasal 3 ayat (1), ayat (4), Pasal 4 ayat (1), ayat (3), Pasal 6 ayat (2), Pasal 7 ayat (1), dan Pasal 8 ayat (1), Otoritas Jasa Keuangan dapat mengenakan sanksi administratif kepada LJK berupa:|Cukup jelas.||2|b|penghentian sementara sebagian kegiatan operasional;
PERATURAN OTORITAS JASA KEUANGAN REPUBLIK INDONESIA NOMOR 12 TAHUN 2024 TENTANG PENERAPAN STRATEGI ANTI FRAUD BAGI LEMBAGA JASA KEUANGAN|POJK|23 Juli 2024|||Sanksi|3|Pasal 9 ayat 3|Dalam hal LJK telah dikenai sanksi administratif sebagaimana dimaksud pada ayat (1) dan tetap melanggar ketentuan sebagaimana dimaksud dalam Pasal 3 ayat (1), ayat (4), Pasal 4 ayat (1), ayat (3), Pasal 6 ayat (2), Pasal 7 ayat (1), dan Pasal 8 ayat (1), Otoritas Jasa Keuangan dapat mengenakan sanksi administratif kepada LJK berupa:|Cukup jelas.||3|c|pembatasan kegiatan usaha; dan/atau
PERATURAN OTORITAS JASA KEUANGAN REPUBLIK INDONESIA NOMOR 12 TAHUN 2024 TENTANG PENERAPAN STRATEGI ANTI FRAUD BAGI LEMBAGA JASA KEUANGAN|POJK|23 Juli 2024|||Sanksi|3|Pasal 9 ayat 3|Dalam hal LJK telah dikenai sanksi administratif sebagaimana dimaksud pada ayat (1) dan tetap melanggar ketentuan sebagaimana dimaksud dalam Pasal 3 ayat (1), ayat (4), Pasal 4 ayat (1), ayat (3), Pasal 6 ayat (2), Pasal 7 ayat (1), dan Pasal 8 ayat (1), Otoritas Jasa Keuangan dapat mengenakan sanksi administratif kepada LJK berupa:|Cukup jelas.||4|d|pembekuan kegiatan usaha tertentu.
PERATURAN OTORITAS JASA KEUANGAN REPUBLIK INDONESIA NOMOR 12 TAHUN 2024 TENTANG PENERAPAN STRATEGI ANTI FRAUD BAGI LEMBAGA JASA KEUANGAN|POJK|23 Juli 2024|||Sanksi|4|Pasal 9 ayat 4|Dalam hal anggota Direksi dan/atau anggota Dewan Komisaris telah dikenai sanksi administratif sebagaimana dimaksud pada ayat (1) dan tetap melanggar ketentuan sebagaimana dimaksud dalam Pasal 3 ayat (2), Pasal 6 ayat (2), dan Pasal 7 ayat (1), Otoritas Jasa Keuangan dapat mengenakan sanksi administratif kepada anggota Direksi dan/atau anggota Dewan Komisaris berupa larangan sebagai pihak utama LJK sesuai dengan Peraturan Otoritas Jasa Keuangan mengenai penilaian kembali bagi pihak utama LJK.|Cukup jelas.||||
PERATURAN OTORITAS JASA KEUANGAN REPUBLIK INDONESIA NOMOR 12 TAHUN 2024 TENTANG PENERAPAN STRATEGI ANTI FRAUD BAGI LEMBAGA JASA KEUANGAN|POJK|23 Juli 2024|||Sanksi|5|Pasal 9 ayat 5|Dalam hal berdasarkan penilaian Otoritas Jasa Keuangan terdapat pelanggaran signifikan sehingga perlu dikenai sanksi dengan segera, pengenaan sanksi sebagaimana dimaksud pada ayat (3) dan ayat (4) dapat langsung dikenakan tanpa didahului dengan pengenaan sanksi sebagaimana dimaksud pada ayat (1).|Pelanggaran signifikan berdasarkan penilaian Otoritas Jasa Keuangan antara lain apabila terjadi kesengajaan pelanggaran, kesalahan berulang, dan penolakan penyampaian laporan oleh LJK.||||
PERATURAN OTORITAS JASA KEUANGAN REPUBLIK INDONESIA NOMOR 12 TAHUN 2024 TENTANG PENERAPAN STRATEGI ANTI FRAUD BAGI LEMBAGA JASA KEUANGAN|POJK|23 Juli 2024|||Bab III|1|Pasal 10 ayat 1|LJK wajib menyampaikan kepada Otoritas Jasa Keuangan:|Cukup jelas.||1|a|Strategi Anti Fraud sebagaimana dimaksud dalam Pasal 3 dengan mengacu pada Pedoman Penerapan Strategi Anti Fraud bagi Lembaga Jasa Keuangan; dan
PERATURAN OTORITAS JASA KEUANGAN REPUBLIK INDONESIA NOMOR 12 TAHUN 2024 TENTANG PENERAPAN STRATEGI ANTI FRAUD BAGI LEMBAGA JASA KEUANGAN|POJK|23 Juli 2024|||Bab III|1|Pasal 10 ayat 1|LJK wajib menyampaikan kepada Otoritas Jasa Keuangan:|Cukup jelas.||2|b|Laporan atau koreksi laporan penerapan Strategi Anti Fraud dengan mengacu pada Pedoman Pengisian Laporan Penerapan Strategi Anti Fraud.
PERATURAN OTORITAS JASA KEUANGAN REPUBLIK INDONESIA NOMOR 12 TAHUN 2024 TENTANG PENERAPAN STRATEGI ANTI FRAUD BAGI LEMBAGA JASA KEUANGAN|POJK|23 Juli 2024|||Bab III|2|Pasal 10 ayat 2|Dalam hal terdapat kejadian Fraud berdampak signifikan, LJK wajib menyampaikan laporan kejadian Fraud berdampak signifikan kepada Otoritas Jasa Keuangan dengan mengacu pada Pedoman Pengisian Laporan Fraud Berdampak Signifikan.|Laporan Fraud berdampak signifikan memuat kejadian Fraud yang diperkirakan berdampak negatif secara signifikan terhadap LJK dan/atau Konsumen, antara lain: a. pelanggaran signifikan terhadap ketentuan peraturan perundang-undangan yang dilakukan oleh pelaku Fraud; b. kejadian Fraud yang dapat membahayakan kelangsungan usaha LJK; dan/atau c. kejadian Fraud yang berpotensi menjadi perhatian publik atau menurunkan reputasi LJK.||||
PERATURAN OTORITAS JASA KEUANGAN REPUBLIK INDONESIA NOMOR 12 TAHUN 2024 TENTANG PENERAPAN STRATEGI ANTI FRAUD BAGI LEMBAGA JASA KEUANGAN|POJK|23 Juli 2024|||Bab III|3|Pasal 10 ayat 3|Penyampaian laporan sebagaimana dimaksud pada ayat (1) huruf b dan ayat (2) wajib dilakukan secara lengkap, akurat, kini, dan utuh.|Cukup jelas.||||
PERATURAN OTORITAS JASA KEUANGAN REPUBLIK INDONESIA NOMOR 12 TAHUN 2024 TENTANG PENERAPAN STRATEGI ANTI FRAUD BAGI LEMBAGA JASA KEUANGAN|POJK|23 Juli 2024|||Bab III|4|Pasal 10 ayat 4|Pedoman Pengisian Laporan Penerapan Strategi Anti Fraud sebagaimana dimaksud pada ayat (1) huruf b tercantum dalam Lampiran II yang merupakan bagian tidak terpisahkan dari Peraturan Otoritas Jasa Keuangan ini.|Cukup jelas.||||
PERATURAN OTORITAS JASA KEUANGAN REPUBLIK INDONESIA NOMOR 12 TAHUN 2024 TENTANG PENERAPAN STRATEGI ANTI FRAUD BAGI LEMBAGA JASA KEUANGAN|POJK|23 Juli 2024|||Bab III|5|Pasal 10 ayat 5|Pedoman Pengisian Laporan Fraud Berdampak Signifikan sebagaimana dimaksud pada ayat (2) tercantum dalam Lampiran III yang merupakan bagian tidak terpisahkan dari Peraturan Otoritas Jasa Keuangan ini.|Cukup jelas.||||
PERATURAN OTORITAS JASA KEUANGAN REPUBLIK INDONESIA NOMOR 12 TAHUN 2024 TENTANG PENERAPAN STRATEGI ANTI FRAUD BAGI LEMBAGA JASA KEUANGAN|POJK|23 Juli 2024|||Bab III|1|Pasal 11 ayat 1|Bagi LJK berupa bank umum, perusahaan asuransi dan perusahaan reasuransi, perusahaan pembiayaan, baik yang melaksanakan kegiatan secara konvensional maupun berdasarkan prinsip syariah yang telah memperoleh izin dari Otoritas Jasa Keuangan wajib menyampaikan Strategi Anti Fraud sebagaimana dimaksud dalam Pasal 10 ayat (1) huruf a kepada Otoritas Jasa Keuangan dalam jangka waktu paling lama 3 (tiga) bulan terhitung sejak berlakunya Peraturan Otoritas Jasa Keuangan ini.|Cukup jelas.||||
PERATURAN OTORITAS JASA KEUANGAN REPUBLIK INDONESIA NOMOR 12 TAHUN 2024 TENTANG PENERAPAN STRATEGI ANTI FRAUD BAGI LEMBAGA JASA KEUANGAN|POJK|23 Juli 2024|||Bab III|2|Pasal 11 ayat 2|Bagi LJK berupa bank perekonomian rakyat, perusahaan efek, perusahaan pialang asuransi, perusahaan pialang reasuransi, perusahaan penilai kerugian asuransi, dana pensiun, perusahaan modal ventura, perusahaan pembiayaan infrastruktur, lembaga keuangan mikro, perusahaan pergadaian, lembaga penjaminan dan Lembaga Jasa Keuangan Lainnya, baik yang melaksanakan kegiatan secara konvensional maupun berdasarkan prinsip syariah yang telah memperoleh izin dari Otoritas Jasa Keuangan wajib menyampaikan Strategi Anti Fraud sebagaimana dimaksud dalam Pasal 10 ayat (1) huruf a kepada Otoritas Jasa Keuangan dalam jangka waktu paling lama 6 (enam) bulan terhitung sejak berlakunya Peraturan Otoritas Jasa Keuangan ini.|Cukup jelas.||||
PERATURAN OTORITAS JASA KEUANGAN REPUBLIK INDONESIA NOMOR 12 TAHUN 2024 TENTANG PENERAPAN STRATEGI ANTI FRAUD BAGI LEMBAGA JASA KEUANGAN|POJK|23 Juli 2024|||Bab III|3|Pasal 11 ayat 3|Bagi LJK yang memperoleh izin setelah berlakunya Peraturan Otoritas Jasa Keuangan ini wajib menyampaikan Strategi Anti Fraud sebagaimana dimaksud dalam Pasal 10 ayat (1) huruf a kepada Otoritas Jasa Keuangan dalam jangka waktu paling lama 3 (tiga) bulan terhitung sejak memperoleh izin dari Otoritas Jasa Keuangan.|Cukup jelas.||||
PERATURAN OTORITAS JASA KEUANGAN REPUBLIK INDONESIA NOMOR 12 TAHUN 2024 TENTANG PENERAPAN STRATEGI ANTI FRAUD BAGI LEMBAGA JASA KEUANGAN|POJK|23 Juli 2024|||Bab III|1|Pasal 12|Dalam hal terdapat perubahan terhadap Strategi Anti Fraud yang telah disampaikan kepada Otoritas Jasa Keuangan sebagaimana dimaksud dalam Pasal 11, LJK wajib menyampaikan perubahan Strategi Anti Fraud dimaksud dalam jangka waktu paling lama 7 (tujuh) hari kerja terhitung sejak perubahan dilakukan.|Cukup jelas.||||
PERATURAN OTORITAS JASA KEUANGAN REPUBLIK INDONESIA NOMOR 12 TAHUN 2024 TENTANG PENERAPAN STRATEGI ANTI FRAUD BAGI LEMBAGA JASA KEUANGAN|POJK|23 Juli 2024|||Bab III|1|Pasal 13|Laporan penerapan Strategi Anti Fraud dan laporan kejadian Fraud berdampak signifikan yang wajib disampaikan kepada Otoritas Jasa Keuangan sebagaimana dimaksud dalam Pasal 10 ayat (1) huruf b dan Pasal 10 ayat (2) memuat informasi paling sedikit:|Cukup jelas.||1|a|nama LJK;
PERATURAN OTORITAS JASA KEUANGAN REPUBLIK INDONESIA NOMOR 12 TAHUN 2024 TENTANG PENERAPAN STRATEGI ANTI FRAUD BAGI LEMBAGA JASA KEUANGAN|POJK|23 Juli 2024|||Bab III|1|Pasal 13|Laporan penerapan Strategi Anti Fraud dan laporan kejadian Fraud berdampak signifikan yang wajib disampaikan kepada Otoritas Jasa Keuangan sebagaimana dimaksud dalam Pasal 10 ayat (1) huruf b dan Pasal 10 ayat (2) memuat informasi paling sedikit:|Cukup jelas.||2|b|pelaku Fraud;
PERATURAN OTORITAS JASA KEUANGAN REPUBLIK INDONESIA NOMOR 12 TAHUN 2024 TENTANG PENERAPAN STRATEGI ANTI FRAUD BAGI LEMBAGA JASA KEUANGAN|POJK|23 Juli 2024|||Bab III|1|Pasal 13|Laporan penerapan Strategi Anti Fraud dan laporan kejadian Fraud berdampak signifikan yang wajib disampaikan kepada Otoritas Jasa Keuangan sebagaimana dimaksud dalam Pasal 10 ayat (1) huruf b dan Pasal 10 ayat (2) memuat informasi paling sedikit:|Cukup jelas.||3|c|jabatan pelaku Fraud pada saat melakukan Fraud;
PERATURAN OTORITAS JASA KEUANGAN REPUBLIK INDONESIA NOMOR 12 TAHUN 2024 TENTANG PENERAPAN STRATEGI ANTI FRAUD BAGI LEMBAGA JASA KEUANGAN|POJK|23 Juli 2024|||Bab III|1|Pasal 13|Laporan penerapan Strategi Anti Fraud dan laporan kejadian Fraud berdampak signifikan yang wajib disampaikan kepada Otoritas Jasa Keuangan sebagaimana dimaksud dalam Pasal 10 ayat (1) huruf b dan Pasal 10 ayat (2) memuat informasi paling sedikit:|Cukup jelas.||4|d|status tindak lanjut penanganan Fraud;
PERATURAN OTORITAS JASA KEUANGAN REPUBLIK INDONESIA NOMOR 12 TAHUN 2024 TENTANG PENERAPAN STRATEGI ANTI FRAUD BAGI LEMBAGA JASA KEUANGAN|POJK|23 Juli 2024|||Bab III|1|Pasal 13|Laporan penerapan Strategi Anti Fraud dan laporan kejadian Fraud berdampak signifikan yang wajib disampaikan kepada Otoritas Jasa Keuangan sebagaimana dimaksud dalam Pasal 10 ayat (1) huruf b dan Pasal 10 ayat (2) memuat informasi paling sedikit:|Cukup jelas.||5|e|jenis Fraud;
PERATURAN OTORITAS JASA KEUANGAN REPUBLIK INDONESIA NOMOR 12 TAHUN 2024 TENTANG PENERAPAN STRATEGI ANTI FRAUD BAGI LEMBAGA JASA KEUANGAN|POJK|23 Juli 2024|||Bab III|1|Pasal 13|Laporan penerapan Strategi Anti Fraud dan laporan kejadian Fraud berdampak signifikan yang wajib disampaikan kepada Otoritas Jasa Keuangan sebagaimana dimaksud dalam Pasal 10 ayat (1) huruf b dan Pasal 10 ayat (2) memuat informasi paling sedikit:|Cukup jelas.||6|f|aktivitas terkait Fraud;
PERATURAN OTORITAS JASA KEUANGAN REPUBLIK INDONESIA NOMOR 12 TAHUN 2024 TENTANG PENERAPAN STRATEGI ANTI FRAUD BAGI LEMBAGA JASA KEUANGAN|POJK|23 Juli 2024|||Bab III|1|Pasal 13|Laporan penerapan Strategi Anti Fraud dan laporan kejadian Fraud berdampak signifikan yang wajib disampaikan kepada Otoritas Jasa Keuangan sebagaimana dimaksud dalam Pasal 10 ayat (1) huruf b dan Pasal 10 ayat (2) memuat informasi paling sedikit:|Cukup jelas.||7|g|deskripsi Fraud atau modus operandi;
PERATURAN OTORITAS JASA KEUANGAN REPUBLIK INDONESIA NOMOR 12 TAHUN 2024 TENTANG PENERAPAN STRATEGI ANTI FRAUD BAGI LEMBAGA JASA KEUANGAN|POJK|23 Juli 2024|||Bab III|1|Pasal 13|Laporan penerapan Strategi Anti Fraud dan laporan kejadian Fraud berdampak signifikan yang wajib disampaikan kepada Otoritas Jasa Keuangan sebagaimana dimaksud dalam Pasal 10 ayat (1) huruf b dan Pasal 10 ayat (2) memuat informasi paling sedikit:|Cukup jelas.||8|h|lokasi kejadian Fraud;
PERATURAN OTORITAS JASA KEUANGAN REPUBLIK INDONESIA NOMOR 12 TAHUN 2024 TENTANG PENERAPAN STRATEGI ANTI FRAUD BAGI LEMBAGA JASA KEUANGAN|POJK|23 Juli 2024|||Bab III|1|Pasal 13|Laporan penerapan Strategi Anti Fraud dan laporan kejadian Fraud berdampak signifikan yang wajib disampaikan kepada Otoritas Jasa Keuangan sebagaimana dimaksud dalam Pasal 10 ayat (1) huruf b dan Pasal 10 ayat (2) memuat informasi paling sedikit:|Cukup jelas.||9|i|divisi/bagian terjadinya Fraud;
PERATURAN OTORITAS JASA KEUANGAN REPUBLIK INDONESIA NOMOR 12 TAHUN 2024 TENTANG PENERAPAN STRATEGI ANTI FRAUD BAGI LEMBAGA JASA KEUANGAN|POJK|23 Juli 2024|||Bab III|1|Pasal 13|Laporan penerapan Strategi Anti Fraud dan laporan kejadian Fraud berdampak signifikan yang wajib disampaikan kepada Otoritas Jasa Keuangan sebagaimana dimaksud dalam Pasal 10 ayat (1) huruf b dan Pasal 10 ayat (2) memuat informasi paling sedikit:|Cukup jelas.||10|j|pihak yang dirugikan;
PERATURAN OTORITAS JASA KEUANGAN REPUBLIK INDONESIA NOMOR 12 TAHUN 2024 TENTANG PENERAPAN STRATEGI ANTI FRAUD BAGI LEMBAGA JASA KEUANGAN|POJK|23 Juli 2024|||Bab III|1|Pasal 13|Laporan penerapan Strategi Anti Fraud dan laporan kejadian Fraud berdampak signifikan yang wajib disampaikan kepada Otoritas Jasa Keuangan sebagaimana dimaksud dalam Pasal 10 ayat (1) huruf b dan Pasal 10 ayat (2) memuat informasi paling sedikit:|Cukup jelas.||11|k|waktu kejadian Fraud; dan
PERATURAN OTORITAS JASA KEUANGAN REPUBLIK INDONESIA NOMOR 12 TAHUN 2024 TENTANG PENERAPAN STRATEGI ANTI FRAUD BAGI LEMBAGA JASA KEUANGAN|POJK|23 Juli 2024|||Bab III|1|Pasal 13|Laporan penerapan Strategi Anti Fraud dan laporan kejadian Fraud berdampak signifikan yang wajib disampaikan kepada Otoritas Jasa Keuangan sebagaimana dimaksud dalam Pasal 10 ayat (1) huruf b dan Pasal 10 ayat (2) memuat informasi paling sedikit:|Cukup jelas.||12|l|jumlah kerugian.
PERATURAN OTORITAS JASA KEUANGAN REPUBLIK INDONESIA NOMOR 12 TAHUN 2024 TENTANG PENERAPAN STRATEGI ANTI FRAUD BAGI LEMBAGA JASA KEUANGAN|POJK|23 Juli 2024|||Bab III|1|Pasal 14 ayat 1|Bagi LJK berupa bank umum dan bank perekonomian rakyat, baik yang melaksanakan kegiatan secara konvensional maupun berdasarkan prinsip syariah wajib menyampaikan laporan penerapan Strategi Anti Fraud sebagaimana dimaksud dalam Pasal 10 ayat (1) huruf b kepada Otoritas Jasa Keuangan setiap semester untuk posisi akhir bulan Juni dan akhir bulan Desember, paling lambat pada tanggal 31 bulan berikutnya setelah akhir bulan laporan.|Cukup jelas.||||
PERATURAN OTORITAS JASA KEUANGAN REPUBLIK INDONESIA NOMOR 12 TAHUN 2024 TENTANG PENERAPAN STRATEGI ANTI FRAUD BAGI LEMBAGA JASA KEUANGAN|POJK|23 Juli 2024|||Bab III|2|Pasal 14 ayat 2|Bagi LJK berupa perusahaan efek, perusahaan asuransi, perusahaan reasuransi, perusahaan pialang asuransi, perusahaan pialang reasuransi, perusahaan penilai kerugian asuransi, perusahaan pembiayaan, dana pensiun, perusahaan modal ventura, perusahaan pembiayaan infrastruktur, lembaga keuangan mikro, perusahaan pergadaian, lembaga penjaminan, dan Lembaga Jasa Keuangan Lainnya, baik yang melaksanakan kegiatan secara konvensional maupun berdasarkan prinsip syariah wajib menyampaikan laporan penerapan Strategi Anti Fraud sebagaimana dimaksud dalam Pasal 10 ayat (1) huruf b kepada Otoritas Jasa Keuangan setiap tahun untuk posisi akhir bulan Desember, paling lambat pada tanggal 31 Januari tahun berikutnya.|Cukup jelas.||||
PERATURAN OTORITAS JASA KEUANGAN REPUBLIK INDONESIA NOMOR 12 TAHUN 2024 TENTANG PENERAPAN STRATEGI ANTI FRAUD BAGI LEMBAGA JASA KEUANGAN|POJK|23 Juli 2024|||Bab III|1|Pasal 15 ayat 1|Bagi LJK berupa bank umum, bank perekonomian rakyat, perusahaan efek, perusahan asuransi, perusahaan reasuransi, perusahaan pialang asuransi, perusahaan pialang reasuransi, perusahaan penilai kerugian asuransi, dan perusahaan pembiayaan, baik yang melaksanakan kegiatan secara konvensional maupun berdasarkan prinsip syariah wajib menyampaikan laporan kejadian Fraud berdampak signifikan sebagaimana dimaksud dalam Pasal 10 ayat (2) kepada Otoritas Jasa Keuangan dalam jangka waktu paling lama 3 (tiga) hari kerja setelah diketahui terjadinya Fraud yang berdampak signifikan.|Cukup jelas.||||
PERATURAN OTORITAS JASA KEUANGAN REPUBLIK INDONESIA NOMOR 12 TAHUN 2024 TENTANG PENERAPAN STRATEGI ANTI FRAUD BAGI LEMBAGA JASA KEUANGAN|POJK|23 Juli 2024|||Bab III|2|Pasal 15 ayat 2|Bagi LJK berupa dana pensiun, perusahaan modal ventura, perusahaan pembiayaan infrastruktur, lembaga keuangan mikro, perusahaan pergadaian, lembaga penjaminan, dan Lembaga Jasa Keuangan Lainnya, baik yang melaksanakan kegiatan secara konvensional maupun berdasarkan prinsip syariah, wajib menyampaikan laporan kejadian Fraud berdampak signifikan sebagaimana dimaksud dalam Pasal 10 ayat (2) kepada Otoritas Jasa Keuangan dalam jangka waktu paling lama 6 (enam) hari kerja setelah diketahui terjadinya Fraud yang berdampak signifikan.|Cukup jelas.||||
PERATURAN OTORITAS JASA KEUANGAN REPUBLIK INDONESIA NOMOR 12 TAHUN 2024 TENTANG PENERAPAN STRATEGI ANTI FRAUD BAGI LEMBAGA JASA KEUANGAN|POJK|23 Juli 2024|||Bab III|1|Pasal 16 ayat 1|Bagi LJK berupa:|Cukup jelas.||1|a|bank umum;
PERATURAN OTORITAS JASA KEUANGAN REPUBLIK INDONESIA NOMOR 12 TAHUN 2024 TENTANG PENERAPAN STRATEGI ANTI FRAUD BAGI LEMBAGA JASA KEUANGAN|POJK|23 Juli 2024|||Bab III|1|Pasal 16 ayat 1|Bagi LJK berupa:|Cukup jelas.||2|b|bank perekonomian rakyat dengan modal inti paling sedikit sebesar Rp50.000.000.000,00 (lima puluh miliar rupiah);
PERATURAN OTORITAS JASA KEUANGAN REPUBLIK INDONESIA NOMOR 12 TAHUN 2024 TENTANG PENERAPAN STRATEGI ANTI FRAUD BAGI LEMBAGA JASA KEUANGAN|POJK|23 Juli 2024|||Bab III|1|Pasal 16 ayat 1|Bagi LJK berupa:|Cukup jelas.||3|c|dana pensiun dengan aset paling sedikit sebesar Rp500.000.000.000,00 (lima ratus miliar rupiah); dan
PERATURAN OTORITAS JASA KEUANGAN REPUBLIK INDONESIA NOMOR 12 TAHUN 2024 TENTANG PENERAPAN STRATEGI ANTI FRAUD BAGI LEMBAGA JASA KEUANGAN|POJK|23 Juli 2024|||Bab III|1|Pasal 16 ayat 1|Bagi LJK berupa:|Cukup jelas.||4|d|selain huruf a, b, dan c, dengan modal disetor lebih dari Rp50.000.000.000,00 (lima puluh miliar rupiah) atau dengan aset lebih dari Rp500.000.000.000,00 (lima ratus miliar rupiah), baik yang melaksanakan kegiatan secara konvensional maupun berdasarkan prinsip syariah, wajib menyampaikan laporan penerapan Strategi Anti Fraud pertama kali paling lambat 31 Januari 2025.
PERATURAN OTORITAS JASA KEUANGAN REPUBLIK INDONESIA NOMOR 12 TAHUN 2024 TENTANG PENERAPAN STRATEGI ANTI FRAUD BAGI LEMBAGA JASA KEUANGAN|POJK|23 Juli 2024|||Bab III|2|Pasal 16 ayat 2|Bagi LJK berupa:|Cukup jelas.||1|a|bank perekonomian rakyat dengan modal inti kurang dari Rp50.000.000.000,00 (lima puluh miliar rupiah);
PERATURAN OTORITAS JASA KEUANGAN REPUBLIK INDONESIA NOMOR 12 TAHUN 2024 TENTANG PENERAPAN STRATEGI ANTI FRAUD BAGI LEMBAGA JASA KEUANGAN|POJK|23 Juli 2024|||Bab III|2|Pasal 16 ayat 2|Bagi LJK berupa:|Cukup jelas.||2|b|dana pensiun dengan aset kurang dari Rp500.000.000.000,00 (lima ratus miliar rupiah); dan
PERATURAN OTORITAS JASA KEUANGAN REPUBLIK INDONESIA NOMOR 12 TAHUN 2024 TENTANG PENERAPAN STRATEGI ANTI FRAUD BAGI LEMBAGA JASA KEUANGAN|POJK|23 Juli 2024|||Bab III|2|Pasal 16 ayat 2|Bagi LJK berupa:|Cukup jelas.||3|c|selain huruf a dan b, dengan modal disetor paling banyak sebesar Rp50.000.000.000,00 (lima puluh miliar rupiah) dengan aset paling banyak sebesar Rp500.000.000.000,00 (lima ratus miliar rupiah), baik yang melaksanakan kegiatan secara konvensional maupun berdasarkan prinsip syariah, wajib menyampaikan laporan penerapan Strategi Anti Fraud pertama kali paling lambat 1 (satu) tahun sejak berlakunya Peraturan Otoritas Jasa Keuangan ini.
PERATURAN OTORITAS JASA KEUANGAN REPUBLIK INDONESIA NOMOR 12 TAHUN 2024 TENTANG PENERAPAN STRATEGI ANTI FRAUD BAGI LEMBAGA JASA KEUANGAN|POJK|23 Juli 2024|||Bab III|1|Pasal 17 ayat 1|Apabila batas waktu penyampaian:|Cukup jelas.||1|a|Strategi Anti Fraud sebagaimana dimaksud dalam Pasal 11;
PERATURAN OTORITAS JASA KEUANGAN REPUBLIK INDONESIA NOMOR 12 TAHUN 2024 TENTANG PENERAPAN STRATEGI ANTI FRAUD BAGI LEMBAGA JASA KEUANGAN|POJK|23 Juli 2024|||Bab III|1|Pasal 17 ayat 1|Apabila batas waktu penyampaian:|Cukup jelas.||2|b|perubahan Strategi Anti Fraud sebagaimana dimaksud dalam Pasal 12;
PERATURAN OTORITAS JASA KEUANGAN REPUBLIK INDONESIA NOMOR 12 TAHUN 2024 TENTANG PENERAPAN STRATEGI ANTI FRAUD BAGI LEMBAGA JASA KEUANGAN|POJK|23 Juli 2024|||Bab III|1|Pasal 17 ayat 1|Apabila batas waktu penyampaian:|Cukup jelas.||3|c|laporan penerapan Strategi Anti Fraud sebagaimana dimaksud dalam Pasal 14; dan/atau
PERATURAN OTORITAS JASA KEUANGAN REPUBLIK INDONESIA NOMOR 12 TAHUN 2024 TENTANG PENERAPAN STRATEGI ANTI FRAUD BAGI LEMBAGA JASA KEUANGAN|POJK|23 Juli 2024|||Bab III|1|Pasal 17 ayat 1|Apabila batas waktu penyampaian:|Cukup jelas.||4|d|laporan kejadian Fraud berdampak signifikan sebagaimana dimaksud dalam Pasal 15, jatuh pada hari Sabtu, hari Minggu, dan/atau hari libur lain maka Strategi Anti Fraud, perubahan Strategi Anti Fraud, laporan penerapan Strategi Anti Fraud, dan/atau laporan kejadian Fraud berdampak signifikan disampaikan pada hari kerja berikutnya.
PERATURAN OTORITAS JASA KEUANGAN REPUBLIK INDONESIA NOMOR 12 TAHUN 2024 TENTANG PENERAPAN STRATEGI ANTI FRAUD BAGI LEMBAGA JASA KEUANGAN|POJK|23 Juli 2024|||Bab III|2|Pasal 17 ayat 2|Apabila LJK mengalami keadaan kahar sehingga tidak dapat menyampaikan laporan sampai dengan batas waktu penyampaian dokumen dan/atau laporan sebagaimana dimaksud pada ayat (1), LJK wajib segera memberitahukan secara tertulis kepada Otoritas Jasa Keuangan untuk memperoleh penundaan batas waktu penyampaian.|Yang dimaksud dengan “keadaan kahar” antara lain kebakaran, banjir, gempa bumi, serangan siber, dan bencana alam maupun bencana sosial lainnya yang mengganggu kegiatan operasional LJK, yang dinyatakan atau diterangkan oleh pejabat atau instansi yang berwenang. Kewajiban LJK untuk segera memberitahukan secara tertulis kepada Otoritas Jasa Keuangan dimaksudkan agar LJK memberitahukan pada kesempatan pertama apabila situasi dan kondisi telah memungkinkan.||||
PERATURAN OTORITAS JASA KEUANGAN REPUBLIK INDONESIA NOMOR 12 TAHUN 2024 TENTANG PENERAPAN STRATEGI ANTI FRAUD BAGI LEMBAGA JASA KEUANGAN|POJK|23 Juli 2024|||Bab III|1|Pasal 18 ayat 1|LJK wajib melakukan koreksi atas kesalahan atau pengkinian data dan/atau informasi dalam laporan penerapan Strategi Anti Fraud dan/atau laporan kejadian Fraud berdampak signifikan yang telah disampaikan kepada Otoritas Jasa Keuangan.|Cukup jelas.||||
PERATURAN OTORITAS JASA KEUANGAN REPUBLIK INDONESIA NOMOR 12 TAHUN 2024 TENTANG PENERAPAN STRATEGI ANTI FRAUD BAGI LEMBAGA JASA KEUANGAN|POJK|23 Juli 2024|||Bab III|2|Pasal 18 ayat 2|Penyampaian koreksi atas kesalahan atau pengkinian data dan/atau informasi sebagaimana dimaksud pada ayat (1), dilakukan dalam jangka waktu paling lama 15 (lima belas) hari kerja terhitung sejak ditemukan adanya kesalahan atau diketahui adanya perubahan data dan/atau informasi dalam laporan penerapan Strategi Anti Fraud dan/atau laporan kejadian Fraud berdampak signifikan.|Cukup jelas.||||
PERATURAN OTORITAS JASA KEUANGAN REPUBLIK INDONESIA NOMOR 12 TAHUN 2024 TENTANG PENERAPAN STRATEGI ANTI FRAUD BAGI LEMBAGA JASA KEUANGAN|POJK|23 Juli 2024|||Bab III|3|Pasal 18 ayat 3|Koreksi atas kesalahan atau pengkinian data dan/atau informasi sebagaimana dimaksud pada ayat (1) dilakukan berdasarkan temuan LJK, Otoritas Jasa Keuangan, dan/atau pihak lain yang berwenang.|Yang dimaksud dengan “pihak lain yang berwenang” antara lain Bank Indonesia, Lembaga Penjamin Simpanan, Badan Pemeriksa Keuangan, Pusat Pelaporan Analisis dan Transaksi Keuangan, Self Regulatory Organization, dan Kantor Akuntan Publik.||||
PERATURAN OTORITAS JASA KEUANGAN REPUBLIK INDONESIA NOMOR 12 TAHUN 2024 TENTANG PENERAPAN STRATEGI ANTI FRAUD BAGI LEMBAGA JASA KEUANGAN|POJK|23 Juli 2024|||Bab III|1|Pasal 19 ayat 1|LJK wajib menyampaikan:|Cukup jelas.||1|a|Strategi Anti Fraud sebagaimana dimaksud dalam Pasal 10 ayat (1) huruf a;
PERATURAN OTORITAS JASA KEUANGAN REPUBLIK INDONESIA NOMOR 12 TAHUN 2024 TENTANG PENERAPAN STRATEGI ANTI FRAUD BAGI LEMBAGA JASA KEUANGAN|POJK|23 Juli 2024|||Bab III|1|Pasal 19 ayat 1|LJK wajib menyampaikan:|Cukup jelas.||2|b|perubahan terhadap Strategi Anti Fraud sebagaimana dimaksud dalam Pasal 12;
PERATURAN OTORITAS JASA KEUANGAN REPUBLIK INDONESIA NOMOR 12 TAHUN 2024 TENTANG PENERAPAN STRATEGI ANTI FRAUD BAGI LEMBAGA JASA KEUANGAN|POJK|23 Juli 2024|||Bab III|1|Pasal 19 ayat 1|LJK wajib menyampaikan:|Cukup jelas.||3|c|laporan atau koreksi laporan penerapan Strategi Anti Fraud sebagaimana dimaksud dalam Pasal 10 ayat (1) huruf b; dan
PERATURAN OTORITAS JASA KEUANGAN REPUBLIK INDONESIA NOMOR 12 TAHUN 2024 TENTANG PENERAPAN STRATEGI ANTI FRAUD BAGI LEMBAGA JASA KEUANGAN|POJK|23 Juli 2024|||Bab III|1|Pasal 19 ayat 1|LJK wajib menyampaikan:|Cukup jelas.||4|d|laporan kejadian Fraud berdampak signifikan sebagaimana dimaksud dalam Pasal 10 ayat (2), secara daring melalui sistem pelaporan Otoritas Jasa Keuangan.
PERATURAN OTORITAS JASA KEUANGAN REPUBLIK INDONESIA NOMOR 12 TAHUN 2024 TENTANG PENERAPAN STRATEGI ANTI FRAUD BAGI LEMBAGA JASA KEUANGAN|POJK|23 Juli 2024|||Bab III|2|Pasal 19 ayat 2|Dalam hal sistem pelaporan Otoritas Jasa Keuangan untuk Strategi Anti Fraud sebagaimana dimaksud dalam ayat (1) belum tersedia pada batas waktu penyampaian, LJK menyampaikan secara luring melalui surat elektronik kepada Otoritas Jasa Keuangan, dengan alamat satuan kerja pengawasan yang membidangi masing-masing LJK.|Cukup jelas.||||
PERATURAN OTORITAS JASA KEUANGAN REPUBLIK INDONESIA NOMOR 12 TAHUN 2024 TENTANG PENERAPAN STRATEGI ANTI FRAUD BAGI LEMBAGA JASA KEUANGAN|POJK|23 Juli 2024|||Bab III|3|Pasal 19 ayat 3|Dalam hal Otoritas Jasa Keuangan mengalami gangguan teknis pada batas waktu penyampaian sehingga LJK tidak dapat menyampaikan dokumen dan/atau laporan sebagaimana dimaksud pada ayat (1), Otoritas Jasa Keuangan memberitahukan secara tertulis kepada LJK atas terjadinya gangguan teknis dan disampaikan:|Cukup jelas.||1|a|secara langsung kepada LJK;
PERATURAN OTORITAS JASA KEUANGAN REPUBLIK INDONESIA NOMOR 12 TAHUN 2024 TENTANG PENERAPAN STRATEGI ANTI FRAUD BAGI LEMBAGA JASA KEUANGAN|POJK|23 Juli 2024|||Bab III|3|Pasal 19 ayat 3|Dalam hal Otoritas Jasa Keuangan mengalami gangguan teknis pada batas waktu penyampaian sehingga LJK tidak dapat menyampaikan dokumen dan/atau laporan sebagaimana dimaksud pada ayat (1), Otoritas Jasa Keuangan memberitahukan secara tertulis kepada LJK atas terjadinya gangguan teknis dan disampaikan:|Cukup jelas.||2|b|melalui sistem pelaporan Otoritas Jasa Keuangan; dan/atau
PERATURAN OTORITAS JASA KEUANGAN REPUBLIK INDONESIA NOMOR 12 TAHUN 2024 TENTANG PENERAPAN STRATEGI ANTI FRAUD BAGI LEMBAGA JASA KEUANGAN|POJK|23 Juli 2024|||Bab III|3|Pasal 19 ayat 3|Dalam hal Otoritas Jasa Keuangan mengalami gangguan teknis pada batas waktu penyampaian sehingga LJK tidak dapat menyampaikan dokumen dan/atau laporan sebagaimana dimaksud pada ayat (1), Otoritas Jasa Keuangan memberitahukan secara tertulis kepada LJK atas terjadinya gangguan teknis dan disampaikan:|Cukup jelas.||3|c|melalui alamat surat elektronik Otoritas Jasa Keuangan.
PERATURAN OTORITAS JASA KEUANGAN REPUBLIK INDONESIA NOMOR 12 TAHUN 2024 TENTANG PENERAPAN STRATEGI ANTI FRAUD BAGI LEMBAGA JASA KEUANGAN|POJK|23 Juli 2024|||Bab III|4|Pasal 19 ayat 4|LJK wajib menyampaikan dokumen dan/atau laporan sebagaimana dimaksud pada ayat (1), dalam jangka waktu paling lama 1 (satu) hari kerja setelah Otoritas Jasa Keuangan memberitahukan bahwa gangguan pada sistem pelaporan Otoritas Jasa Keuangan teratasi dan/atau sistem pelaporan Otoritas Jasa Keuangan dapat digunakan kembali.|Cukup jelas.||||
PERATURAN OTORITAS JASA KEUANGAN REPUBLIK INDONESIA NOMOR 12 TAHUN 2024 TENTANG PENERAPAN STRATEGI ANTI FRAUD BAGI LEMBAGA JASA KEUANGAN|POJK|23 Juli 2024|||Sanksi|1|Pasal 20 ayat 1|LJK yang melanggar ketentuan sebagaimana dimaksud dalam Pasal 10 ayat (1), ayat (2), ayat (3), Pasal 11, Pasal 12, Pasal 13, Pasal 14, Pasal 15, Pasal 16, Pasal 17 ayat (2), Pasal 18 ayat (1), Pasal 19 ayat (1), dan/atau ayat (4), dikenai sanksi administratif berupa teguran tertulis atau peringatan tertulis oleh Otoritas Jasa Keuangan.|Cukup jelas.||||
PERATURAN OTORITAS JASA KEUANGAN REPUBLIK INDONESIA NOMOR 12 TAHUN 2024 TENTANG PENERAPAN STRATEGI ANTI FRAUD BAGI LEMBAGA JASA KEUANGAN|POJK|23 Juli 2024|||Sanksi|2|Pasal 20 ayat 2|Selain teguran tertulis atau peringatan tertulis sebagaimana dimaksud pada ayat (1), LJK yang melanggar ketentuan sebagaimana dimaksud dalam Pasal 11, Pasal 12, Pasal 14, Pasal 15, Pasal 16, dan/atau Pasal 18 ayat (1) dikenakan sanksi administratif berupa denda:|Cukup jelas.||1|a|bagi bank umum, baik yang melaksanakan kegiatan secara konvensional maupun berdasarkan prinsip syariah, sesuai dengan Peraturan Otoritas Jasa Keuangan mengenai pelaporan bank umum melalui sistem pelaporan Otoritas Jasa Keuangan.
PERATURAN OTORITAS JASA KEUANGAN REPUBLIK INDONESIA NOMOR 12 TAHUN 2024 TENTANG PENERAPAN STRATEGI ANTI FRAUD BAGI LEMBAGA JASA KEUANGAN|POJK|23 Juli 2024|||Sanksi|2|Pasal 20 ayat 2|Selain teguran tertulis atau peringatan tertulis sebagaimana dimaksud pada ayat (1), LJK yang melanggar ketentuan sebagaimana dimaksud dalam Pasal 11, Pasal 12, Pasal 14, Pasal 15, Pasal 16, dan/atau Pasal 18 ayat (1) dikenakan sanksi administratif berupa denda:|Cukup jelas.||2|b|bagi perusahaan asuransi dan perusahaan reasuransi, baik yang melaksanakan kegiatan secara konvensional maupun berdasarkan prinsip syariah, dikenai sanksi administratif berupa denda sebesar Rp1.000.000,00 (satu juta rupiah) per hari kerja keterlambatan per laporan, paling banyak sebesar Rp30.000.000,00 (tiga puluh juta rupiah) per laporan.
PERATURAN OTORITAS JASA KEUANGAN REPUBLIK INDONESIA NOMOR 12 TAHUN 2024 TENTANG PENERAPAN STRATEGI ANTI FRAUD BAGI LEMBAGA JASA KEUANGAN|POJK|23 Juli 2024|||Sanksi|2|Pasal 20 ayat 2|Selain teguran tertulis atau peringatan tertulis sebagaimana dimaksud pada ayat (1), LJK yang melanggar ketentuan sebagaimana dimaksud dalam Pasal 11, Pasal 12, Pasal 14, Pasal 15, Pasal 16, dan/atau Pasal 18 ayat (1) dikenakan sanksi administratif berupa denda:|Cukup jelas.||3|c|bagi bank perekonomian rakyat, perusahaan efek, dana pensiun, perusahaan pembiayaan, perusahaan pergadaian dengan lingkup wilayah usaha nasional, lembaga penjaminan, perusahaan pialang asuransi, perusahaan pialang reasuransi, perusahaan penilai kerugian asuransi, dan Lembaga Jasa Keuangan Lainnya, baik yang melaksanakan kegiatan secara konvensional maupun berdasarkan prinsip syariah, dikenai sanksi administratif berupa denda sebesar Rp100.000,00 (seratus ribu rupiah) per hari kerja keterlambatan per laporan, paling banyak sebesar Rp3.000.000,00 (tiga juta rupiah) per laporan.
PERATURAN OTORITAS JASA KEUANGAN REPUBLIK INDONESIA NOMOR 12 TAHUN 2024 TENTANG PENERAPAN STRATEGI ANTI FRAUD BAGI LEMBAGA JASA KEUANGAN|POJK|23 Juli 2024|||Sanksi|2|Pasal 20 ayat 2|Selain teguran tertulis atau peringatan tertulis sebagaimana dimaksud pada ayat (1), LJK yang melanggar ketentuan sebagaimana dimaksud dalam Pasal 11, Pasal 12, Pasal 14, Pasal 15, Pasal 16, dan/atau Pasal 18 ayat (1) dikenakan sanksi administratif berupa denda:|Cukup jelas.||4|d|bagi perusahaan modal ventura, perusahaan pembiayaan infrastruktur, dan penyelenggara layanan pendanaan bersama berbasis teknologi informasi, baik yang melaksanakan kegiatan secara konvensional maupun berdasarkan prinsip syariah, dikenai sanksi administratif berupa denda sebesar Rp50.000,00 (lima puluh ribu rupiah) per hari kerja keterlambatan per laporan, paling banyak sebesar Rp 1.500.000,00 (satu juta lima ratus ribu rupiah) per laporan.
PERATURAN OTORITAS JASA KEUANGAN REPUBLIK INDONESIA NOMOR 12 TAHUN 2024 TENTANG PENERAPAN STRATEGI ANTI FRAUD BAGI LEMBAGA JASA KEUANGAN|POJK|23 Juli 2024|||Sanksi|3|Pasal 20 ayat 3|Sanksi administratif berupa denda sebagaimana dimaksud pada ayat (2) dikecualikan bagi perusahaan pergadaian dengan lingkup Kabupaten/Kota dan/atau Provinsi dan lembaga keuangan mikro.|Cukup jelas.||||
PERATURAN OTORITAS JASA KEUANGAN REPUBLIK INDONESIA NOMOR 12 TAHUN 2024 TENTANG PENERAPAN STRATEGI ANTI FRAUD BAGI LEMBAGA JASA KEUANGAN|POJK|23 Juli 2024|||Sanksi|4|Pasal 20 ayat 4|LJK yang telah dikenai sanksi administratif baik berupa teguran tertulis atau peringatan tertulis sebagaimana dimaksud pada ayat (1) dan denda sebagaimana dimaksud pada ayat (2) tetap wajib menyampaikan Strategi Anti Fraud atau perubahannya, laporan atau koreksi laporan penerapan Strategi Anti Fraud dan laporan kejadian Fraud berdampak signifikan atau penyesuaiannya.|Cukup jelas.||||
PERATURAN OTORITAS JASA KEUANGAN REPUBLIK INDONESIA NOMOR 12 TAHUN 2024 TENTANG PENERAPAN STRATEGI ANTI FRAUD BAGI LEMBAGA JASA KEUANGAN|POJK|23 Juli 2024|||Sanksi|5|Pasal 20 ayat 5|Dalam hal LJK telah dikenai sanksi teguran tertulis atau peringatan tertulis sebagaimana dimaksud pada ayat (1) dan/atau sanksi denda sebagaimana dimaksud pada ayat (2) dan tetap tidak memenuhi kewajiban sebagaimana dimaksud pada ayat (4), Otoritas Jasa Keuangan dapat mengenakan sanksi administratif kepada LJK berupa:|Cukup jelas.||1|a|larangan untuk menerbitkan produk atau melaksanakan aktivitas baru;
PERATURAN OTORITAS JASA KEUANGAN REPUBLIK INDONESIA NOMOR 12 TAHUN 2024 TENTANG PENERAPAN STRATEGI ANTI FRAUD BAGI LEMBAGA JASA KEUANGAN|POJK|23 Juli 2024|||Sanksi|5|Pasal 20 ayat 5|Dalam hal LJK telah dikenai sanksi teguran tertulis atau peringatan tertulis sebagaimana dimaksud pada ayat (1) dan/atau sanksi denda sebagaimana dimaksud pada ayat (2) dan tetap tidak memenuhi kewajiban sebagaimana dimaksud pada ayat (4), Otoritas Jasa Keuangan dapat mengenakan sanksi administratif kepada LJK berupa:|Cukup jelas.||2|b|penghentian sementara sebagian kegiatan operasional;
PERATURAN OTORITAS JASA KEUANGAN REPUBLIK INDONESIA NOMOR 12 TAHUN 2024 TENTANG PENERAPAN STRATEGI ANTI FRAUD BAGI LEMBAGA JASA KEUANGAN|POJK|23 Juli 2024|||Sanksi|5|Pasal 20 ayat 5|Dalam hal LJK telah dikenai sanksi teguran tertulis atau peringatan tertulis sebagaimana dimaksud pada ayat (1) dan/atau sanksi denda sebagaimana dimaksud pada ayat (2) dan tetap tidak memenuhi kewajiban sebagaimana dimaksud pada ayat (4), Otoritas Jasa Keuangan dapat mengenakan sanksi administratif kepada LJK berupa:|Cukup jelas.||3|c|pembatasan kegiatan usaha; dan/atau
PERATURAN OTORITAS JASA KEUANGAN REPUBLIK INDONESIA NOMOR 12 TAHUN 2024 TENTANG PENERAPAN STRATEGI ANTI FRAUD BAGI LEMBAGA JASA KEUANGAN|POJK|23 Juli 2024|||Sanksi|5|Pasal 20 ayat 5|Dalam hal LJK telah dikenai sanksi teguran tertulis atau peringatan tertulis sebagaimana dimaksud pada ayat (1) dan/atau sanksi denda sebagaimana dimaksud pada ayat (2) dan tetap tidak memenuhi kewajiban sebagaimana dimaksud pada ayat (4), Otoritas Jasa Keuangan dapat mengenakan sanksi administratif kepada LJK berupa:|Cukup jelas.||4|d|pembekuan kegiatan usaha tertentu.
PERATURAN OTORITAS JASA KEUANGAN REPUBLIK INDONESIA NOMOR 12 TAHUN 2024 TENTANG PENERAPAN STRATEGI ANTI FRAUD BAGI LEMBAGA JASA KEUANGAN|POJK|23 Juli 2024|||Sanksi|6|Pasal 20 ayat 6|Dalam hal berdasarkan penilaian Otoritas Jasa Keuangan terdapat pelanggaran signifikan sehingga perlu dikenai sanksi dengan segera, pengenaan sanksi sebagaimana dimaksud pada ayat (5) dapat langsung dikenakan tanpa didahului dengan pengenaan sanksi sebagaimana dimaksud pada ayat (1).|Cukup jelas.||||
PERATURAN OTORITAS JASA KEUANGAN REPUBLIK INDONESIA NOMOR 12 TAHUN 2024 TENTANG PENERAPAN STRATEGI ANTI FRAUD BAGI LEMBAGA JASA KEUANGAN|POJK|23 Juli 2024|||Sanksi|1|Pasal 21 ayat 1|Dalam hal terdapat kesalahan informasi yang disampaikan dalam laporan atau koreksi laporan penerapan Strategi Anti Fraud dan laporan kejadian Fraud berdampak signifikan atau penyesuaiannya sebagaimana dimaksud dalam Pasal 10 ayat (1) huruf b dan Pasal 10 ayat (2) LJK dikenai sanksi administratif:|Cukup jelas.||1|a|bagi LJK berupa bank umum, baik yang melaksanakan kegiatan secara konvensional maupun berdasarkan prinsip syariah, pengenaan sanksi administratif dilakukan sesuai dengan Peraturan Otoritas Jasa Keuangan mengenai pelaporan bank umum melalui sistem pelaporan Otoritas Jasa Keuangan;
PERATURAN OTORITAS JASA KEUANGAN REPUBLIK INDONESIA NOMOR 12 TAHUN 2024 TENTANG PENERAPAN STRATEGI ANTI FRAUD BAGI LEMBAGA JASA KEUANGAN|POJK|23 Juli 2024|||Sanksi|1|Pasal 21 ayat 1|Dalam hal terdapat kesalahan informasi yang disampaikan dalam laporan atau koreksi laporan penerapan Strategi Anti Fraud dan laporan kejadian Fraud berdampak signifikan atau penyesuaiannya sebagaimana dimaksud dalam Pasal 10 ayat (1) huruf b dan Pasal 10 ayat (2) LJK dikenai sanksi administratif:|Cukup jelas.||2|b|bagi LJK berupa: 1. bank perekonomian rakyat dengan modal inti paling sedikit sebesar Rp50.000.000.000,00 (lima puluh miliar rupiah); 2. dana pensiun dengan aset paling sedikit sebesar Rp500.000.000.000,00 (lima ratus miliar rupiah); dan 3. LJK lain dengan modal disetor lebih dari Rp50.000.000.000,00 (lima puluh miliar rupiah) atau dengan aset lebih dari Rp500.000.000.000,00 (lima ratus miliar rupiah), baik yang melaksanakan kegiatan secara konvensional maupun berdasarkan prinsip syariah, dikenai sanksi administratif berupa denda sebesar Rp50.000,00 (lima puluh ribu rupiah) per kesalahan isian dan paling banyak sebesar Rp5.000.000,00 (lima juta rupiah) per laporan; dan
PERATURAN OTORITAS JASA KEUANGAN REPUBLIK INDONESIA NOMOR 12 TAHUN 2024 TENTANG PENERAPAN STRATEGI ANTI FRAUD BAGI LEMBAGA JASA KEUANGAN|POJK|23 Juli 2024|||Sanksi|1|Pasal 21 ayat 1|Dalam hal terdapat kesalahan informasi yang disampaikan dalam laporan atau koreksi laporan penerapan Strategi Anti Fraud dan laporan kejadian Fraud berdampak signifikan atau penyesuaiannya sebagaimana dimaksud dalam Pasal 10 ayat (1) huruf b dan Pasal 10 ayat (2) LJK dikenai sanksi administratif:|Cukup jelas.||3|c|Bagi LJK berupa: 1. bank perekonomian rakyat dengan modal inti kurang dari Rp50.000.000.000,00 (lima puluh miliar rupiah); 2. dana pensiun dengan aset kurang dari Rp500.000.000.000,00 (lima ratus miliar rupiah); dan 3. LJK lain dengan modal disetor paling banyak sebesar Rp50.000.000.000,00 (lima puluh miliar rupiah) atau dengan aset paling banyak sebesar Rp500.000.000.000,00 (lima ratus miliar rupiah), baik yang melaksanakan kegiatan secara konvensional maupun berdasarkan prinsip syariah dikenai sanksi administratif berupa denda sebesar Rp10.000,00 (sepuluh ribu rupiah) per kesalahan isian dan paling banyak sebesar Rp1.000.000,00 (satu juta rupiah) per laporan.
PERATURAN OTORITAS JASA KEUANGAN REPUBLIK INDONESIA NOMOR 12 TAHUN 2024 TENTANG PENERAPAN STRATEGI ANTI FRAUD BAGI LEMBAGA JASA KEUANGAN|POJK|23 Juli 2024|||Sanksi|2|Pasal 21 ayat 2|Temuan kesalahan informasi sebagaimana dimaksud pada ayat (1) dapat berasal dari LJK, Otoritas Jasa Keuangan, dan/atau pihak lain yang berwenang.|Lihat penjelasan Pasal 18 ayat (3).||||
PERATURAN OTORITAS JASA KEUANGAN REPUBLIK INDONESIA NOMOR 12 TAHUN 2024 TENTANG PENERAPAN STRATEGI ANTI FRAUD BAGI LEMBAGA JASA KEUANGAN|POJK|23 Juli 2024|||Sanksi|3|Pasal 21 ayat 3|Sanksi administratif sebagaimana dimaksud pada ayat (1) dikecualikan terhadap:|Cukup jelas.||1|a|pengkinian data dan/atau informasi atas laporan yang disampaikan pada laporan sebelumnya; dan/atau
PERATURAN OTORITAS JASA KEUANGAN REPUBLIK INDONESIA NOMOR 12 TAHUN 2024 TENTANG PENERAPAN STRATEGI ANTI FRAUD BAGI LEMBAGA JASA KEUANGAN|POJK|23 Juli 2024|||Sanksi|3|Pasal 21 ayat 3|Sanksi administratif sebagaimana dimaksud pada ayat (1) dikecualikan terhadap:|Cukup jelas.||2|b|koreksi atas laporan yang sama dan/atau laporan lain yang diakibatkan oleh adanya koreksi atas kesalahan data dan/atau informasi pada laporan sebelumnya yang telah dikenai sanksi administratif.
PERATURAN OTORITAS JASA KEUANGAN REPUBLIK INDONESIA NOMOR 12 TAHUN 2024 TENTANG PENERAPAN STRATEGI ANTI FRAUD BAGI LEMBAGA JASA KEUANGAN|POJK|23 Juli 2024|||Bab IV|1|Pasal 22|Pertanggungjawaban LJK atas kerugian Konsumen atau pihak lain yang timbul akibat kesalahan dan/atau kelalaian Direksi, Dewan Komisaris, pegawai, dan/atau pihak ketiga yang bekerja untuk kepentingan LJK dilaksanakan sesuai dengan ketentuan peraturan perundang-undangan.|Peraturan perundang-undangan antara lain ketentuan Peraturan Otoritas Jasa Keuangan mengenai pelindungan konsumen dan masyarakat di sektor jasa keuangan.||||
PERATURAN OTORITAS JASA KEUANGAN REPUBLIK INDONESIA NOMOR 12 TAHUN 2024 TENTANG PENERAPAN STRATEGI ANTI FRAUD BAGI LEMBAGA JASA KEUANGAN|POJK|23 Juli 2024|||Bab IV|1|Pasal 23|Otoritas Jasa Keuangan dapat menetapkan kebijakan terkait pelaksanaan Strategi Anti Fraud berdasarkan pertimbangan untuk kondisi tertentu.|Kebijakan terkait pelaksanaan Strategi Anti Fraud antara lain cakupan LJK dan Lembaga Jasa Keuangan Lainnya, batas waktu dan periode pelaporan, serta ruang lingkup dan cakupan kebijakan Strategi Anti Fraud beserta laporan penerapannya. Pertimbangan untuk kondisi tertentu antara lain kesiapan lembaga jasa keuangan baru yang diawasi oleh Otoritas Jasa Keuangan.||||
PERATURAN OTORITAS JASA KEUANGAN REPUBLIK INDONESIA NOMOR 12 TAHUN 2024 TENTANG PENERAPAN STRATEGI ANTI FRAUD BAGI LEMBAGA JASA KEUANGAN|POJK|23 Juli 2024|||Regulasi Lain|1|Pasal 24|Pada saat Peraturan Otoritas Jasa Keuangan ini mulai berlaku:|Cukup jelas.||1|a|Peraturan Otoritas Jasa Keuangan Nomor 39/POJK.03/2019 tentang Penerapan Strategi Anti Fraud Bagi Bank Umum (Lembaran Negara Republik Indonesia Tahun 2019 Nomor 246, Tambahan Lembaran Negara Republik Indonesia Nomor 6439);
PERATURAN OTORITAS JASA KEUANGAN REPUBLIK INDONESIA NOMOR 12 TAHUN 2024 TENTANG PENERAPAN STRATEGI ANTI FRAUD BAGI LEMBAGA JASA KEUANGAN|POJK|23 Juli 2024|||Regulasi Lain|1|Pasal 24|Pada saat Peraturan Otoritas Jasa Keuangan ini mulai berlaku:|Cukup jelas.||2|b|BAB XII Pengendalian Fraud dan Strategi Anti Fraud Peraturan Otoritas Jasa Keuangan Nomor 10/POJK.05/2019 tentang Penyelenggaraan Usaha Perusahaan Pembiayaan Syariah dan Unit Usaha Syariah Perusahaan Pembiayaan (Lembaran Negara Republik Indonesia Tahun 2019 Nomor 40, Tambahan Lembaran Negara Republik Indonesia Nomor 6320);
PERATURAN OTORITAS JASA KEUANGAN REPUBLIK INDONESIA NOMOR 12 TAHUN 2024 TENTANG PENERAPAN STRATEGI ANTI FRAUD BAGI LEMBAGA JASA KEUANGAN|POJK|23 Juli 2024|||Regulasi Lain|1|Pasal 24|Pada saat Peraturan Otoritas Jasa Keuangan ini mulai berlaku:|Cukup jelas.||3|c|BAB XII Pengendalian Fraud dan Strategi Anti Fraud Peraturan Otoritas Jasa Keuangan Nomor 35/POJK.05/2018 tentang Penyelenggaraan Usaha Perusahaan Pembiayaan (Lembaran Negara Republik Indonesia Tahun 2018 Nomor 260, Tambahan Lembaran Negara Republik Indonesia Nomor 6286);
PERATURAN OTORITAS JASA KEUANGAN REPUBLIK INDONESIA NOMOR 12 TAHUN 2024 TENTANG PENERAPAN STRATEGI ANTI FRAUD BAGI LEMBAGA JASA KEUANGAN|POJK|23 Juli 2024|||Regulasi Lain|1|Pasal 24|Pada saat Peraturan Otoritas Jasa Keuangan ini mulai berlaku:|Cukup jelas.||4|d|Pasal 4 ayat (3) huruf e dan huruf f Peraturan Otoritas Jasa Keuangan Nomor 55/POJK.05/2017 tentang Laporan Berkala Perusahaan Perasuransian (Lembaran Negara Republik Indonesia Tahun 2017 Nomor 174, Tambahan Lembaran Negara Republik Indonesia Nomor 6107); dan
PERATURAN OTORITAS JASA KEUANGAN REPUBLIK INDONESIA NOMOR 12 TAHUN 2024 TENTANG PENERAPAN STRATEGI ANTI FRAUD BAGI LEMBAGA JASA KEUANGAN|POJK|23 Juli 2024|||Regulasi Lain|1|Pasal 24|Pada saat Peraturan Otoritas Jasa Keuangan ini mulai berlaku:|Cukup jelas.||5|e|Pasal 72 Peraturan Otoritas Jasa Keuangan Nomor 69/POJK.05/2016 tentang Penyelenggaraan Usaha Perusahaan Asuransi, Perusahaan Asuransi Syariah, Perusahaan Reasuransi, dan Perusahaan Reasuransi Syariah (Lembaran Negara Republik Indonesia Tahun 2016 Nomor 302, Tambahan Lembaran Negara Republik Indonesia Nomor 5992) dan peraturan pelaksanaannya, dicabut dan dinyatakan tidak berlaku.
PERATURAN OTORITAS JASA KEUANGAN REPUBLIK INDONESIA NOMOR 12 TAHUN 2024 TENTANG PENERAPAN STRATEGI ANTI FRAUD BAGI LEMBAGA JASA KEUANGAN|POJK|23 Juli 2024|||Regulasi Lain|2|Pasal 25|Peraturan Otoritas Jasa Keuangan ini mulai berlaku setelah 3 (tiga) bulan terhitung sejak tanggal diundangkan.|Cukup jelas.||||